player_id,player_name_pp,team_pp,nba_player_id,nba_player_name,resolver
4278039,Nickeil Alexander-Walker,ATL,1629638,Nickeil Alexander-Walker,espn_name_strict
4869342,Dyson Daniels,ATL,1630700,Dyson Daniels,espn_name_strict
4431941,RayJ Dennis,ATL,1642484,RayJ Dennis,espn_name_strict
4712863,Mouhamed Gueye,ATL,1631243,Mouhamed Gueye,espn_name_strict
2990984,Buddy Hield,ATL,1627741,Buddy Hield,espn_name_strict
4433623,Caleb Houstan,ATL,1631216,Caleb Houstan,espn_name_strict
4701230,Jalen Johnson,ATL,1630552,Jalen Johnson,espn_name_strict
4280151,Corey Kispert,ATL,1630557,Corey Kispert,espn_name_strict
4431778,Christian Koloko,ATL,1631132,Christian Koloko,espn_name_strict
4433247,Jonathan Kuminga,ATL,1630228,Jonathan Kuminga,espn_name_strict
3146557,Jock Landale,ATL,1629111,Jock Landale,espn_name_strict
2490149,CJ McCollum,ATL,203468,CJ McCollum,espn_name_strict
4873201,Asa Newell,ATL,1642854,Asa Newell,espn_name_strict
4431680,Onyeka Okongwu,ATL,1630168,Onyeka Okongwu,espn_name_strict
5211175,Zaccharie Risacher,ATL,1642258,Zaccharie Risacher,espn_name_strict
3137259,Gabe Vincent,ATL,1629216,Gabe Vincent,espn_name_strict
4279118,Keaton Wallace,ATL,1630811,Keaton Wallace,espn_name_strict
3917376,Jaylen Brown,BOS,1627759,Jaylen Brown,espn_name_strict
4277951,Luka Garza,BOS,1630568,Luka Garza,espn_name_strict
4397251,Ron Harper Jr.,BOS,1631199,Ron Harper Jr.,espn_name_strict
4065804,Sam Hauser,BOS,1630573,Sam Hauser,espn_name_strict
4066354,Payton Pritchard,BOS,1630202,Payton Pritchard,espn_name_strict
4397424,Neemias Queta,BOS,1629674,Neemias Queta,espn_name_strict
4593841,Baylor Scheierman,BOS,1631248,Baylor Scheierman,espn_name_strict
4701992,Max Shulga,BOS,1642917,Max Shulga,espn_name_strict
4065648,Jayson Tatum,BOS,1628369,Jayson Tatum,espn_name_strict
4593043,John Tonje,BOS,1642910,John Tonje,espn_name_strict
4683689,Jordan Walsh,BOS,1641775,Jordan Walsh,espn_name_strict
3078576,Derrick White,BOS,1628401,Derrick White,espn_name_strict
4702745,Amari Williams,BOS,1642873,Amari Williams,espn_name_strict
4397018,Ochai Agbaji,BKN,1630534,Ochai Agbaji,espn_name_strict
4278067,Nic Claxton,BKN,1629651,Nic Claxton,espn_name_strict
4712896,Noah Clowney,BKN,1641730,Noah Clowney,espn_name_strict
4432887,Tyson Etienne,BKN,1630623,Tyson Etienne,espn_name_strict
4432821,E.J. Liddell,BKN,1630604,E.J. Liddell,espn_name_strict
3907823,Terance Mann,BKN,1629611,Terance Mann,espn_name_strict
4278104,Michael Porter Jr.,BKN,1629008,Michael Porter Jr.,espn_name_strict
5037873,Drake Powell,BKN,1642962,Drake Powell,espn_name_strict
4432194,Day'Ron Sharpe,BKN,1630549,Day'Ron Sharpe,espn_name_strict
5279130,Nolan Traore,BKN,1642849,Nolan Traore,espn_name_strict
4395620,Hunter Tyson,BKN,1641816,Hunter Tyson,espn_name_strict
4433137,Ziaire Williams,BKN,1630533,Ziaire Williams,espn_name_strict
4431714,Jalen Wilson,BKN,1630592,Jalen Wilson,espn_name_strict
5107173,Danny Wolf,BKN,1642874,Danny Wolf,espn_name_strict
4432816,LaMelo Ball,CHA,1630163,LaMelo Ball,espn_name_strict
4565201,Malaki Branham,CHA,1631103,Malaki Branham,espn_name_strict
4066383,Miles Bridges,CHA,1628970,Miles Bridges,espn_name_strict
2578239,Pat Connaughton,CHA,1626192,Pat Connaughton,espn_name_strict
4597865,Tosan Evbuomwan,CHA,1641787,Tosan Evbuomwan,espn_name_strict
4432811,Josh Green,CHA,1630182,Josh Green,espn_name_strict
4701225,PJ Hall,CHA,1641790,PJ Hall,espn_name_strict
4602025,Sion James,CHA,1642883,Sion James,espn_name_strict
4576060,Ryan Kalkbrenner,CHA,1641750,Ryan Kalkbrenner,espn_name_strict
5061575,Kon Knueppel,CHA,1642851,Kon Knueppel,espn_name_strict
4432819,Tre Mann,CHA,1630544,Tre Mann,espn_name_strict
5239590,Liam McNeeley,CHA,1642862,Liam McNeeley,espn_name_strict
4433287,Brandon Miller,CHA,1641706,Brandon Miller,espn_name_strict
4592686,Antonio Reeves,CHA,1641810,Antonio Reeves,espn_name_strict
4277964,Xavier Tillman,CHA,1630214,Xavier Tillman,espn_name_strict
4395651,Coby White,CHA,1629632,Coby White,espn_name_strict
4066218,Grant Williams,CHA,1629684,Grant Williams,espn_name_strict
4711294,Matas Buzelis,CHI,1641824,Matas Buzelis,espn_name_strict
4066650,Zach Collins,CHI,1628380,Zach Collins,espn_name_strict
4684275,Rob Dillingham,CHI,1642265,Rob Dillingham,espn_name_strict
5242496,Noa Essengue,CHI,1642855,Noa Essengue,espn_name_strict
4871145,Josh Giddey,CHI,1630581,Josh Giddey,espn_name_strict
4433218,Jaden Ivey,CHI,1631093,Jaden Ivey,espn_name_strict
4395626,Tre Jones,CHI,1630200,Tre Jones,espn_name_strict
4397071,Mac McClung,CHI,1630644,Mac McClung,espn_name_strict
5044385,Leonard Miller,CHI,1631159,Leonard Miller,espn_name_strict
4432822,Isaac Okoro,CHI,1630171,Isaac Okoro,espn_name_strict
5091709,Lachlan Olbrich,CHI,1642950,Lachlan Olbrich,espn_name_strict
4278076,Nick Richards,CHI,1630208,Nick Richards,espn_name_strict
4277811,Collin Sexton,CHI,1629012,Collin Sexton,espn_name_strict
4351851,Anfernee Simons,CHI,1629014,Anfernee Simons,espn_name_strict
4397189,Jalen Smith,CHI,1630188,Jalen Smith,espn_name_strict
4431687,Patrick Williams,CHI,1630172,Patrick Williams,espn_name_strict
4017844,Guerschon Yabusele,CHI,1627824,Guerschon Yabusele,espn_name_strict
4066328,Jarrett Allen,CLE,1628386,Jarrett Allen,espn_name_strict
3934723,Thomas Bryant,CLE,1628418,Thomas Bryant,espn_name_strict
4702177,Keon Ellis,CLE,1631165,Keon Ellis,espn_name_strict
3992,James Harden,CLE,201935,James Harden,espn_name_strict
4066757,Sam Merrill,CLE,1630241,Sam Merrill,espn_name_strict
4432872,Emanuel Miller,CLE,1641801,Emanuel Miller,espn_name_strict
5177362,Riley Minix,CLE,1642434,Riley Minix,espn_name_strict
3908809,Donovan Mitchell,CLE,1628378,Donovan Mitchell,espn_name_strict
4432158,Evan Mobley,CLE,1630596,Evan Mobley,espn_name_strict
2580365,Larry Nance Jr.,CLE,1626204,Larry Nance Jr.,espn_name_strict
4701233,Craig Porter Jr.,CLE,1641854,Craig Porter Jr.,espn_name_strict
5023693,Tyrese Proctor,CLE,1642878,Tyrese Proctor,espn_name_strict
4065778,Max Strus,CLE,1629622,Max Strus,espn_name_strict
5106268,Nae'Qwan Tomlin,CLE,1641772,Nae'Qwan Tomlin,espn_name_strict
4683747,Jaylon Tyson,CLE,1642281,Jaylon Tyson,espn_name_strict
3912848,Dean Wade,CLE,1629731,Dean Wade,espn_name_strict
4277848,Marvin Bagley III,DAL,1628963,Marvin Bagley III,espn_name_strict
4432582,Max Christie,DAL,1631108,Max Christie,espn_name_strict
4701208,Moussa Cisse,DAL,1630619,Moussa Cisse,espn_name_strict
5041939,Cooper Flagg,DAL,1642843,Cooper Flagg,espn_name_strict
4278049,Daniel Gafford,DAL,1629655,Daniel Gafford,espn_name_strict
6442,Kyrie Irving,DAL,202681,Kyrie Irving,espn_name_strict
5170947,AJ Johnson,DAL,1642358,AJ Johnson,espn_name_strict
3135046,Tyus Jones,DAL,1626145,Tyus Jones,espn_name_strict
4696317,Miles Kelly,DAL,1642939,Miles Kelly,espn_name_strict
4683688,Dereck Lively II,DAL,1641726,Dereck Lively II,espn_name_strict
4278594,Naji Marshall,DAL,1630230,Naji Marshall,espn_name_strict
3138160,Caleb Martin,DAL,1628997,Caleb Martin,espn_name_strict
6609,Khris Middleton,DAL,203114,Khris Middleton,espn_name_strict
4433629,Ryan Nembhard,DAL,1642948,Ryan Nembhard,espn_name_strict
2531367,Dwight Powell,DAL,203939,Dwight Powell,espn_name_strict
6475,Klay Thompson,DAL,202691,Klay Thompson,espn_name_strict
4278078,P.J. Washington,DAL,1629023,P.J. Washington,espn_name_strict
4397040,Brandon Williams,DAL,1630314,Brandon Williams,espn_name_strict
4683933,Tamar Bates,DEN,1642926,Tamar Bates,espn_name_strict
4431767,Christian Braun,DEN,1631128,Christian Braun,espn_name_strict
4065670,Bruce Brown,DEN,1628971,Bruce Brown,espn_name_strict
3064290,Aaron Gordon,DEN,203932,Aaron Gordon,espn_name_strict
2528210,Tim Hardaway Jr.,DEN,203501,Tim Hardaway Jr.,espn_name_strict
4433607,DaRon Holmes II,DEN,1641747,DaRon Holmes II,espn_name_strict
3138196,Cameron Johnson,DEN,1629661,Cameron Johnson,espn_name_strict
4898369,Curtis Jones,DEN,1642938,Curtis Jones,espn_name_strict
4592427,Spencer Jones,DEN,1642461,Spencer Jones,espn_name_strict
3936299,Jamal Murray,DEN,1627750,Jamal Murray,espn_name_strict
4431690,Zeke Nnaji,DEN,1630192,Zeke Nnaji,espn_name_strict
4398390,Jalen Pickett,DEN,1629618,Jalen Pickett,espn_name_strict
4683834,KJ Simpson,DEN,1642354,KJ Simpson,espn_name_strict
4432181,Julian Strawther,DEN,1631124,Julian Strawther,espn_name_strict
4576087,Peyton Watson,DEN,1631212,Peyton Watson,espn_name_strict
4432166,Cade Cunningham,DET,1630595,Cade Cunningham,espn_name_strict
4433621,Jalen Duren,DET,1631105,Jalen Duren,espn_name_strict
2596112,Javonte Green,DET,1629750,Javonte Green,espn_name_strict
6440,Tobias Harris,DET,202699,Tobias Harris,espn_name_strict
4683771,Ronald Holland II,DET,1641842,Ronald Holland II,espn_name_strict
4066372,Kevin Huerter,DET,1628989,Kevin Huerter,espn_name_strict
5107199,Daniss Jenkins,DET,1642450,Daniss Jenkins,espn_name_strict
5107818,Isaac Jones,DET,1642403,Isaac Jones,espn_name_strict
4906923,Bobi Klintman,DET,1641752,Bobi Klintman,espn_name_strict
4700852,Chaz Lanier,DET,1642404,Chaz Lanier,espn_name_strict
2991043,Caris LeVert,DET,1627747,Caris LeVert,espn_name_strict
4592187,Wendell Moore Jr.,DET,1631111,Wendell Moore Jr.,espn_name_strict
4278562,Paul Reed,DET,1630194,Paul Reed,espn_name_strict
3157465,Duncan Robinson,DET,1629130,Duncan Robinson,espn_name_strict
4432107,Marcus Sasser,DET,1631204,Marcus Sasser,espn_name_strict
4397882,Tolu Smith,DET,1642449,Tolu Smith,espn_name_strict
4432810,Isaiah Stewart,DET,1630191,Isaiah Stewart,espn_name_strict
4684742,Ausar Thompson,DET,1641709,Ausar Thompson,espn_name_strict
6430,Jimmy Butler III,GSW,202710,Jimmy Butler III,espn_name_strict
3975,Stephen Curry,GSW,201939,Stephen Curry,espn_name_strict
6589,Draymond Green,GSW,203110,Draymond Green,espn_name_strict
3213,Al Horford,GSW,201143,Al Horford,espn_name_strict
4066436,De'Anthony Melton,GSW,1629001,De'Anthony Melton,espn_name_strict
4432171,Moses Moody,GSW,1630541,Moses Moody,espn_name_strict
3134903,Gary Payton II,GSW,1627780,Gary Payton II,espn_name_strict
4709138,Brandin Podziemski,GSW,1641764,Brandin Podziemski,espn_name_strict
4593016,Quinten Post,GSW,1642366,Quinten Post,espn_name_strict
4897262,Will Richard,GSW,1642954,Will Richard,espn_name_strict
4997536,Gui Santos,GSW,1630611,Gui Santos,espn_name_strict
4592714,Pat Spencer,GSW,1630311,Pat Spencer,espn_name_strict
2991235,Steven Adams,HOU,203500,Steven Adams,espn_name_strict
3102529,Clint Capela,HOU,203991,Clint Capela,espn_name_strict
4592857,Isaiah Crawford,HOU,1642384,Isaiah Crawford,espn_name_strict
4576085,JD Davison,HOU,1631120,JD Davison,espn_name_strict
3202,Kevin Durant,HOU,201142,Kevin Durant,espn_name_strict
4433192,Tari Eason,HOU,1631106,Tari Eason,espn_name_strict
2578185,Dorian Finney-Smith,HOU,1627827,Dorian Finney-Smith,espn_name_strict
3209,Jeff Green,HOU,201145,Jeff Green,espn_name_strict
3922230,Aaron Holiday,HOU,1628988,Aaron Holiday,espn_name_strict
4065663,Josh Okogie,HOU,1629006,Josh Okogie,espn_name_strict
4871144,Alperen Sengun,HOU,1630578,Alperen Sengun,espn_name_strict
4711272,Reed Sheppard,HOU,1642263,Reed Sheppard,espn_name_strict
4432639,Jabari Smith Jr.,HOU,1631095,Jabari Smith Jr.,espn_name_strict
3136777,Jae'Sean Tate,HOU,1630256,Jae'Sean Tate,espn_name_strict
4684740,Amen Thompson,HOU,1641708,Amen Thompson,espn_name_strict
2991230,Fred VanVleet,HOU,1627832,Fred VanVleet,espn_name_strict
4431752,Kobe Brown,IND,1641738,Kobe Brown,espn_name_strict
5157066,Johnny Furphy,IND,1642277,Johnny Furphy,espn_name_strict
4396993,Tyrese Haliburton,IND,1630169,Tyrese Haliburton,espn_name_strict
4065731,Jay Huff,IND,1630643,Jay Huff,espn_name_strict
4592829,Quenton Jackson,IND,1631245,Quenton Jackson,espn_name_strict
4697268,Kam Jones,IND,1642880,Kam Jones,espn_name_strict
2530530,T.J. McConnell,IND,204456,T.J. McConnell,espn_name_strict
4395712,Andrew Nembhard,IND,1629614,Andrew Nembhard,espn_name_strict
4396909,Aaron Nesmith,IND,1630174,Aaron Nesmith,espn_name_strict
4703421,Taelon Peter,IND,1643007,Taelon Peter,espn_name_strict
4433076,Ben Sheppard,IND,1641767,Ben Sheppard,espn_name_strict
3149673,Pascal Siakam,IND,1627783,Pascal Siakam,espn_name_strict
4278355,Obi Toppin,IND,1630167,Obi Toppin,espn_name_strict
5106060,Jarace Walker,IND,1641716,Jarace Walker,espn_name_strict
4017837,Ivica Zubac,IND,1627826,Ivica Zubac,espn_name_strict
3416,Nicolas Batum,LAC,201587,Nicolas Batum,espn_name_strict
6580,Bradley Beal,LAC,203078,Bradley Beal,espn_name_strict
4845363,Cam Christie,LAC,1642353,Cam Christie,espn_name_strict
3908845,John Collins,LAC,1628381,John Collins,espn_name_strict
2991139,Kris Dunn,LAC,1627739,Kris Dunn,espn_name_strict
4396907,Darius Garland,LAC,1629636,Darius Garland,espn_name_strict
4432170,Isaiah Jackson,LAC,1630543,Isaiah Jackson,espn_name_strict
3936099,Derrick Jones Jr.,LAC,1627884,Derrick Jones Jr.,espn_name_strict
6450,Kawhi Leonard,LAC,202695,Kawhi Leonard,espn_name_strict
3448,Brook Lopez,LAC,201572,Brook Lopez,espn_name_strict
4683634,Bennedict Mathurin,LAC,1631097,Bennedict Mathurin,espn_name_strict
4396818,Jordan Miller,LAC,1641757,Jordan Miller,espn_name_strict
4702352,Kobe Sanders,LAC,1642920,Kobe Sanders,espn_name_strict
4278129,Deandre Ayton,LAL,1629028,Deandre Ayton,espn_name_strict
4066648,Rui Hachimura,LAL,1629060,Rui Hachimura,espn_name_strict
4397077,Jaxson Hayes,LAL,1629637,Jaxson Hayes,espn_name_strict
4683774,Bronny James,LAL,1642355,Bronny James,espn_name_strict
1966,LeBron James,LAL,2544,LeBron James,espn_name_strict
3913174,Luke Kennard,LAL,1628379,Luke Kennard,espn_name_strict
2960236,Maxi Kleber,LAL,1628467,Maxi Kleber,espn_name_strict
4897943,Dalton Knecht,LAL,1642261,Dalton Knecht,espn_name_strict
4592691,Jake LaRavia,LAL,1631222,Jake LaRavia,espn_name_strict
4066457,Austin Reaves,LAL,1630559,Austin Reaves,espn_name_strict
2990992,Marcus Smart,LAL,203935,Marcus Smart,espn_name_strict
4683686,Nick Smith Jr.,LAL,1641733,Nick Smith Jr.,espn_name_strict
5060631,Adou Thiero,LAL,1642876,Adou Thiero,espn_name_strict
4278077,Jarred Vanderbilt,LAL,1629020,Jarred Vanderbilt,espn_name_strict
4593125,Santi Aldama,MEM,1630583,Santi Aldama,espn_name_strict
2993874,Kyle Anderson,MEM,203937,Kyle Anderson,espn_name_strict
2581018,Kentavious Caldwell-Pope,MEM,203484,Kentavious Caldwell-Pope,espn_name_strict
3906665,Brandon Clarke,MEM,1629634,Brandon Clarke,espn_name_strict
4896372,Walter Clayton Jr.,MEM,1642383,Walter Clayton Jr.,espn_name_strict
4903027,Cedric Coward,MEM,1642907,Cedric Coward,espn_name_strict
4600663,Zach Edey,MEM,1641744,Zach Edey,espn_name_strict
4684806,Taylor Hendricks,MEM,1641707,Taylor Hendricks,espn_name_strict
5105550,GG Jackson,MEM,1641713,GG Jackson,espn_name_strict
4065733,Ty Jerome,MEM,1629660,Ty Jerome,espn_name_strict
4279888,Ja Morant,MEM,1629630,Ja Morant,espn_name_strict
4431785,Scotty Pippen Jr.,MEM,1630590,Scotty Pippen Jr.,espn_name_strict
4595400,Olivier-Maxence Prosper,MEM,1641765,Olivier-Maxence Prosper,espn_name_strict
4781746,Javon Small,MEM,1642914,Javon Small,espn_name_strict
4433083,Cam Spencer,MEM,1642285,Cam Spencer,espn_name_strict
5112087,Jaylen Wells,MEM,1642377,Jaylen Wells,espn_name_strict
4066261,Bam Adebayo,MIA,1628389,Bam Adebayo,espn_name_strict
3899664,Simone Fontecchio,MIA,1631323,Simone Fontecchio,espn_name_strict
4431772,Myron Gardner,MIA,1642066,Myron Gardner,espn_name_strict
4700818,Vladislav Goldin,MIA,1642884,Vladislav Goldin,espn_name_strict
4395725,Tyler Herro,MIA,1629639,Tyler Herro,espn_name_strict
4432848,Jaime Jaquez Jr.,MIA,1631170,Jaime Jaquez Jr.,espn_name_strict
4431786,Keshad Johnson,MIA,1642352,Keshad Johnson,espn_name_strict
4601025,Pelle Larsson,MIA,1641796,Pelle Larsson,espn_name_strict
4278053,Davion Mitchell,MIA,1630558,Davion Mitchell,espn_name_strict
2595516,Norman Powell,MIA,1626181,Norman Powell,espn_name_strict
3074752,Terry Rozier,MIA,1626179,Terry Rozier,espn_name_strict
4066993,Dru Smith,MIA,1630696,Dru Smith,espn_name_strict
5105623,Kel'el Ware,MIA,1642276,Kel'el Ware,espn_name_strict
3059319,Andrew Wiggins,MIA,203952,Andrew Wiggins,espn_name_strict
4433133,Jahmir Young,MIA,1642443,Jahmir Young,espn_name_strict
4432452,Alex Antetokounmpo,MIL,1630828,Alex Antetokounmpo,espn_name_strict
3032977,Giannis Antetokounmpo,MIL,203507,Giannis Antetokounmpo,espn_name_strict
3102533,Thanasis Antetokounmpo,MIL,203648,Thanasis Antetokounmpo,espn_name_strict
4997526,Ousmane Dieng,MIL,1631172,Ousmane Dieng,espn_name_strict
4397475,AJ Green,MIL,1631260,AJ Green,espn_name_strict
2999547,Gary Harris,MIL,203914,Gary Harris,espn_name_strict
4432190,Andre Jackson Jr.,MIL,1641748,Andre Jackson Jr.,espn_name_strict
3134907,Kyle Kuzma,MIL,1628398,Kyle Kuzma,espn_name_strict
4397233,Pete Nance,MIL,1631250,Pete Nance,espn_name_strict
4397140,Kevin Porter Jr.,MIL,1629645,Kevin Porter Jr.,espn_name_strict
3064482,Bobby Portis,MIL,1626171,Bobby Portis,espn_name_strict
2990962,Taurean Prince,MIL,1627752,Taurean Prince,espn_name_strict
4591725,Ryan Rollins,MIL,1631157,Ryan Rollins,espn_name_strict
4277922,Jericho Sims,MIL,1630579,Jericho Sims,espn_name_strict
4432174,Cam Thomas,MIL,1630560,Cam Thomas,espn_name_strict
4277843,Gary Trent Jr.,MIL,1629018,Gary Trent Jr.,espn_name_strict
3133628,Myles Turner,MIL,1626167,Myles Turner,espn_name_strict
5279133,Joan Beringer,MIN,1642866,Joan Beringer,espn_name_strict
4432247,Jaylen Clark,MIN,1641740,Jaylen Clark,espn_name_strict
3195,Mike Conley,MIN,201144,Mike Conley,espn_name_strict
3934673,Donte DiVincenzo,MIN,1628978,Donte DiVincenzo,espn_name_strict
4397002,Ayo Dosunmu,MIN,1630245,Ayo Dosunmu,espn_name_strict
4594268,Anthony Edwards,MIN,1630162,Anthony Edwards,espn_name_strict
4592699,Enrique Freeman,MIN,1642402,Enrique Freeman,espn_name_strict
3032976,Rudy Gobert,MIN,203497,Rudy Gobert,espn_name_strict
4592492,Bones Hyland,MIN,1630538,Bones Hyland,espn_name_strict
2968436,Joe Ingles,MIN,204060,Joe Ingles,espn_name_strict
4431671,Jaden McDaniels,MIN,1630183,Jaden McDaniels,espn_name_strict
5105553,Julian Phillips,MIN,1641763,Julian Phillips,espn_name_strict
3064514,Julius Randle,MIN,203944,Julius Randle,espn_name_strict
4396971,Naz Reid,MIN,1629675,Naz Reid,espn_name_strict
4432847,Terrence Shannon Jr.,MIN,1630545,Terrence Shannon Jr.,espn_name_strict
5157587,Rocco Zikarsky,MIN,1642911,Rocco Zikarsky,espn_name_strict
4433268,Trey Alexander,NOP,1641725,Trey Alexander,espn_name_strict
4397136,Saddiq Bey,NOP,1630180,Saddiq Bey,espn_name_strict
4432180,Hunter Dickinson,NOP,1630621,Hunter Dickinson,espn_name_strict
5144091,Jeremiah Fears,NOP,1642847,Jeremiah Fears,espn_name_strict
4683750,Jordan Hawkins,NOP,1641722,Jordan Hawkins,espn_name_strict
4277813,Herbert Jones,NOP,1630529,Herbert Jones,espn_name_strict
3442,DeAndre Jordan,NOP,201599,DeAndre Jordan,espn_name_strict
3155535,Kevon Looney,NOP,1626172,Kevon Looney,espn_name_strict
4576086,Bryce McGowens,NOP,1631121,Bryce McGowens,espn_name_strict
5061589,Yves Missi,NOP,1642274,Yves Missi,espn_name_strict
4397688,Trey Murphy III,NOP,1630530,Trey Murphy III,espn_name_strict
3907497,Dejounte Murray,NOP,1627749,Dejounte Murray,espn_name_strict
4432185,Micah Peavy,NOP,1642877,Micah Peavy,espn_name_strict
4277956,Jordan Poole,NOP,1629673,Jordan Poole,espn_name_strict
4869780,Derik Queen,NOP,1642852,Derik Queen,espn_name_strict
4395628,Zion Williamson,NOP,1629627,Zion Williamson,espn_name_strict
4277869,Jose Alvarado,NYK,1630631,Jose Alvarado,espn_name_strict
3934719,OG Anunoby,NYK,1628384,OG Anunoby,espn_name_strict
3147657,Mikal Bridges,NYK,1628969,Mikal Bridges,espn_name_strict
3934672,Jalen Brunson,NYK,1628973,Jalen Brunson,espn_name_strict
2528426,Jordan Clarkson,NYK,203903,Jordan Clarkson,espn_name_strict
5289900,Mohamed Diawara,NYK,1642885,Mohamed Diawara,espn_name_strict
3062679,Josh Hart,NYK,1628404,Josh Hart,espn_name_strict
4871141,Ariel Hukporti,NYK,1630574,Ariel Hukporti,espn_name_strict
4395623,Trey Jemison III,NYK,1641998,Trey Jemison III,espn_name_strict
4433225,Tyler Kolek,NYK,1642278,Tyler Kolek,espn_name_strict
4431823,Miles McBride,NYK,1630540,Miles McBride,espn_name_strict
4411057,Kevin McCullar Jr.,NYK,1641755,Kevin McCullar Jr.,espn_name_strict
4351852,Mitchell Robinson,NYK,1629011,Mitchell Robinson,espn_name_strict
3914044,Landry Shamet,NYK,1629013,Landry Shamet,espn_name_strict
4610139,Jeremy Sochan,NYK,1631110,Jeremy Sochan,espn_name_strict
3136195,Karl-Anthony Towns,NYK,1626157,Karl-Anthony Towns,espn_name_strict
4684208,Brooks Barnhizer,OKC,1642964,Brooks Barnhizer,espn_name_strict
4592435,Branden Carlson,OKC,1642382,Branden Carlson,espn_name_strict
2991350,Alex Caruso,OKC,1627936,Alex Caruso,espn_name_strict
4397020,Luguentz Dort,OKC,1629652,Luguentz Dort,espn_name_strict
4278073,Shai Gilgeous-Alexander,OKC,1628983,Shai Gilgeous-Alexander,espn_name_strict
4222252,Isaiah Hartenstein,OKC,1628392,Isaiah Hartenstein,espn_name_strict
4433255,Chet Holmgren,OKC,1631096,Chet Holmgren,espn_name_strict
4395702,Isaiah Joe,OKC,1630198,Isaiah Joe,espn_name_strict
4683778,Jared McCain,OKC,1642272,Jared McCain,espn_name_strict
4900671,Ajay Mitchell,OKC,1642349,Ajay Mitchell,espn_name_strict
5061603,Thomas Sorber,OKC,1642850,Thomas Sorber,espn_name_strict
4683692,Cason Wallace,OKC,1641717,Cason Wallace,espn_name_strict
4397183,Aaron Wiggins,OKC,1630598,Aaron Wiggins,espn_name_strict
4593803,Jalen Williams,OKC,1631114,Jalen Williams,espn_name_strict
4432823,Jaylin Williams,OKC,1631119,Jaylin Williams,espn_name_strict
3133626,Kenrich Williams,OKC,1629026,Kenrich Williams,espn_name_strict
4432573,Paolo Banchero,ORL,1631094,Paolo Banchero,espn_name_strict
4066320,Desmond Bane,ORL,1630217,Desmond Bane,espn_name_strict
4348700,Goga Bitadze,ORL,1629048,Goga Bitadze,espn_name_strict
4712849,Anthony Black,ORL,1641710,Anthony Black,espn_name_strict
4278572,Jamal Cain,ORL,1631288,Jamal Cain,espn_name_strict
3133635,Jevon Carter,ORL,1628975,Jevon Carter,espn_name_strict
4277847,Wendell Carter Jr.,ORL,1628976,Wendell Carter Jr.,espn_name_strict
4397204,Colin Castleton,ORL,1630658,Colin Castleton,espn_name_strict
4702382,Tristan da Silva,ORL,1641783,Tristan da Silva,espn_name_strict
5105806,Jett Howard,ORL,1641724,Jett Howard,espn_name_strict
4065654,Jonathan Isaac,ORL,1628371,Jonathan Isaac,espn_name_strict
5214637,Noah Penda,ORL,1642869,Noah Penda,espn_name_strict
5239561,Jase Richardson,ORL,1642859,Jase Richardson,espn_name_strict
4432165,Jalen Suggs,ORL,1630591,Jalen Suggs,espn_name_strict
4566434,Franz Wagner,ORL,1630532,Franz Wagner,espn_name_strict
3150844,Moritz Wagner,ORL,1629021,Moritz Wagner,espn_name_strict
4870562,Dominick Barlow,PHI,1631230,Dominick Barlow,espn_name_strict
4397886,Charles Bassey,PHI,1629646,Charles Bassey,espn_name_strict
5105637,Adem Bona,PHI,1641737,Adem Bona,espn_name_strict
4433569,Johni Broome,PHI,1641780,Johni Broome,espn_name_strict
6585,Andre Drummond,PHI,203083,Andre Drummond,espn_name_strict
5124612,VJ Edgecombe,PHI,1642845,VJ Edgecombe,espn_name_strict
4711297,Justin Edwards,PHI,1642348,Justin Edwards,espn_name_strict
3059318,Joel Embiid,PHI,203954,Joel Embiid,espn_name_strict
4251,Paul George,PHI,202331,Paul George,espn_name_strict
4397014,Quentin Grimes,PHI,1629656,Quentin Grimes,espn_name_strict
3012,Kyle Lowry,PHI,200768,Kyle Lowry,espn_name_strict
4397179,Tyrese Martin,PHI,1631213,Tyrese Martin,espn_name_strict
4431678,Tyrese Maxey,PHI,1630178,Tyrese Maxey,espn_name_strict
3133603,Kelly Oubre Jr.,PHI,1626162,Kelly Oubre Jr.,espn_name_strict
4433159,Dalen Terry,PHI,1631207,Dalen Terry,espn_name_strict
4432446,Jabari Walker,PHI,1631133,Jabari Walker,espn_name_strict
4431675,Trendon Watford,PHI,1630570,Trendon Watford,espn_name_strict
3135045,Grayson Allen,PHX,1628960,Grayson Allen,espn_name_strict
4432809,Cole Anthony,PHX,1630175,Cole Anthony,espn_name_strict
3136193,Devin Booker,PHX,1626164,Devin Booker,espn_name_strict
4591259,Koby Brea,PHX,1642886,Koby Brea,espn_name_strict
3155526,Dillon Brooks,PHX,1628415,Dillon Brooks,espn_name_strict
4066387,Amir Coffey,PHX,1629599,Amir Coffey,espn_name_strict
4888725,Ryan Dunn,PHX,1642346,Ryan Dunn,espn_name_strict
5105977,Rasheer Fleming,PHX,1642853,Rasheer Fleming,espn_name_strict
4278585,Collin Gillespie,PHX,1631221,Collin Gillespie,espn_name_strict
4278402,Jordan Goodwin,PHX,1630692,Jordan Goodwin,espn_name_strict
4437244,Jalen Green,PHX,1630224,Jalen Green,espn_name_strict
4291678,Haywood Highsmith,PHX,1629312,Haywood Highsmith,espn_name_strict
4601023,Oso Ighodaro,PHX,1642345,Oso Ighodaro,espn_name_strict
4277957,Isaiah Livers,PHX,1630587,Isaiah Livers,espn_name_strict
5203685,Khaman Maluach,PHX,1642863,Khaman Maluach,espn_name_strict
2583632,Royce O'Neale,PHX,1626220,Royce O'Neale,espn_name_strict
4701232,Mark Williams,PHX,1631109,Mark Williams,espn_name_strict
4683021,Deni Avdija,POR,1630166,Deni Avdija,espn_name_strict
4431736,Toumani Camara,POR,1641739,Toumani Camara,espn_name_strict
5081727,Sidy Cissoko,POR,1631321,Sidy Cissoko,espn_name_strict
5105565,Donovan Clingan,POR,1642270,Donovan Clingan,espn_name_strict
4597259,Javonte Cooke,POR,1631451,Javonte Cooke,espn_name_strict
2991070,Jerami Grant,POR,203924,Jerami Grant,espn_name_strict
5217746,Yang Hansen,POR,1642905,Yang Hansen,espn_name_strict
4683678,Scoot Henderson,POR,1630703,Scoot Henderson,espn_name_strict
3995,Jrue Holiday,POR,201950,Jrue Holiday,espn_name_strict
6606,Damian Lillard,POR,203081,Damian Lillard,espn_name_strict
4433144,Caleb Love,POR,1631126,Caleb Love,espn_name_strict
4594326,Kris Murray,POR,1631200,Kris Murray,espn_name_strict
5099752,Rayan Rupert,POR,1641712,Rayan Rupert,espn_name_strict
4914336,Shaedon Sharpe,POR,1631101,Shaedon Sharpe,espn_name_strict
3907498,Matisse Thybulle,POR,1629680,Matisse Thybulle,espn_name_strict
4683935,Blake Wesley,POR,1631104,Blake Wesley,espn_name_strict
4066211,Robert Williams III,POR,1629057,Robert Williams III,espn_name_strict
4431679,Precious Achiuwa,SAC,1630173,Precious Achiuwa,espn_name_strict
4433174,Dylan Cardwell,SAC,1642928,Dylan Cardwell,espn_name_strict
4433188,Devin Carter,SAC,1642269,Devin Carter,espn_name_strict
4702384,Nique Clifford,SAC,1642363,Nique Clifford,espn_name_strict
3978,DeMar DeRozan,SAC,201942,DeMar DeRozan,espn_name_strict
3914285,Drew Eubanks,SAC,1629234,Drew Eubanks,espn_name_strict
4065732,De'Andre Hunter,SAC,1629631,De'Andre Hunter,espn_name_strict
3064440,Zach LaVine,SAC,203897,Zach LaVine,espn_name_strict
2528588,Doug McDermott,SAC,203926,Doug McDermott,espn_name_strict
4066262,Malik Monk,SAC,1628370,Malik Monk,espn_name_strict
4594327,Keegan Murray,SAC,1631099,Keegan Murray,espn_name_strict
4279318,Daeqwon Plowden,SAC,1631342,Daeqwon Plowden,espn_name_strict
4898371,Maxime Raynaud,SAC,1642875,Maxime Raynaud,espn_name_strict
3155942,Domantas Sabonis,SAC,1627734,Domantas Sabonis,espn_name_strict
4432117,Isaiah Stevens,SAC,1641815,Isaiah Stevens,espn_name_strict
3468,Russell Westbrook,SAC,201566,Russell Westbrook,espn_name_strict
6578,Harrison Barnes,SAS,203084,Harrison Barnes,espn_name_strict
6427,Bismack Biyombo,SAS,202687,Bismack Biyombo,espn_name_strict
5061568,Carter Bryant,SAS,1642868,Carter Bryant,espn_name_strict
4845367,Stephon Castle,SAS,1642264,Stephon Castle,espn_name_strict
4592479,Julian Champagnie,SAS,1630577,Julian Champagnie,espn_name_strict
4066259,De'Aaron Fox,SAS,1628368,De'Aaron Fox,espn_name_strict
5037871,Dylan Harper,SAS,1642844,Dylan Harper,espn_name_strict
4433618,Harrison Ingram,SAS,1631127,Harrison Ingram,espn_name_strict
4395723,Keldon Johnson,SAS,1629640,Keldon Johnson,espn_name_strict
4713010,David Jones Garcia,SAS,1642357,David Jones Garcia,espn_name_strict
3064560,Luke Kornet,SAS,1628436,Luke Kornet,espn_name_strict
3134916,Jordan McLaughlin,SAS,1629162,Jordan McLaughlin,espn_name_strict
2489663,Kelly Olynyk,SAS,203482,Kelly Olynyk,espn_name_strict
2488653,Mason Plumlee,SAS,203486,Mason Plumlee,espn_name_strict
4395630,Devin Vassell,SAS,1630170,Devin Vassell,espn_name_strict
4066317,Lindy Waters III,SAS,1630322,Lindy Waters III,espn_name_strict
5104157,Victor Wembanyama,SAS,1641705,Victor Wembanyama,espn_name_strict
4433134,Scottie Barnes,TOR,1630567,Scottie Barnes,espn_name_strict
4395625,RJ Barrett,TOR,1629628,RJ Barrett,espn_name_strict
4431893,Jamison Battle,TOR,1642419,Jamison Battle,espn_name_strict
5106258,Gradey Dick,TOR,1641711,Gradey Dick,espn_name_strict
4590360,Chucky Hepburn,TOR,1642935,Chucky Hepburn,espn_name_strict
3913176,Brandon Ingram,TOR,1627742,Brandon Ingram,espn_name_strict
4431684,Trayce Jackson-Davis,TOR,1631218,Trayce Jackson-Davis,espn_name_strict
4067017,A.J. Lawson,TOR,1630639,A.J. Lawson,espn_name_strict
4278580,Sandro Mamukelashvili,TOR,1630572,Sandro Mamukelashvili,espn_name_strict
4702656,Alijah Martin,TOR,1642918,Alijah Martin,espn_name_strict
5107897,Jonathan Mogbo,TOR,1642367,Jonathan Mogbo,espn_name_strict
5093267,Collin Murray-Boyles,TOR,1642867,Collin Murray-Boyles,espn_name_strict
3134908,Jakob Poeltl,TOR,1627751,Jakob Poeltl,espn_name_strict
4395724,Immanuel Quickley,TOR,1630193,Immanuel Quickley,espn_name_strict
4432241,Jamal Shead,TOR,1642347,Jamal Shead,espn_name_strict
4023,Garrett Temple,TOR,202066,Garrett Temple,espn_name_strict
4684272,Ja'Kobe Walter,TOR,1642266,Ja'Kobe Walter,espn_name_strict
4873138,Ace Bailey,UTA,1642846,Ace Bailey,espn_name_strict
4683766,Isaiah Collier,UTA,1642268,Isaiah Collier,espn_name_strict
4684793,Kyle Filipowski,UTA,1642271,Kyle Filipowski,espn_name_strict
4433627,Keyonte George,UTA,1641718,Keyonte George,espn_name_strict
4397449,Elijah Harkless,UTA,1641989,Elijah Harkless,espn_name_strict
4277961,Jaren Jackson Jr.,UTA,1628991,Jaren Jackson Jr.,espn_name_strict
4433136,Walker Kessler,UTA,1631117,Walker Kessler,espn_name_strict
3134932,John Konchar,UTA,1629723,John Konchar,espn_name_strict
3449,Kevin Love,UTA,201567,Kevin Love,espn_name_strict
4066336,Lauri Markkanen,UTA,1628374,Lauri Markkanen,espn_name_strict
3133602,Svi Mykhailiuk,UTA,1629004,Svi Mykhailiuk,espn_name_strict
5105839,Brice Sensabaugh,UTA,1641729,Brice Sensabaugh,espn_name_strict
4432827,Oscar Tshiebwe,UTA,1631131,Oscar Tshiebwe,espn_name_strict
4895758,Cody Williams,UTA,1642262,Cody Williams,espn_name_strict
4397227,Vince Williams Jr.,UTA,1631246,Vince Williams Jr.,espn_name_strict
4845374,Bub Carrington,WAS,1642267,Bub Carrington,espn_name_strict
4432907,Justin Champagnie,WAS,1630551,Justin Champagnie,espn_name_strict
4432173,Sharife Cooper,WAS,1630536,Sharife Cooper,espn_name_strict
5104155,Bilal Coulibaly,WAS,1641731,Bilal Coulibaly,espn_name_strict
6583,Anthony Davis,WAS,203076,Anthony Davis,espn_name_strict
5174563,Kyshawn George,WAS,1642273,Kyshawn George,espn_name_strict
2581184,Anthony Gill,WAS,1630264,Anthony Gill,espn_name_strict
4868423,Jaden Hardy,WAS,1630702,Jaden Hardy,espn_name_strict
5238230,Tre Johnson,WAS,1642848,Tre Johnson,espn_name_strict
5144126,Will Riley,WAS,1642860,Will Riley,espn_name_strict
3136776,D'Angelo Russell,WAS,1626156,D'Angelo Russell,espn_name_strict
5160992,Alex Sarr,WAS,1642259,Alex Sarr,espn_name_strict
4997537,Tristan Vukcevic,WAS,1641774,Tristan Vukcevic,espn_name_strict
4606840,Jamir Watkins,WAS,1642364,Jamir Watkins,espn_name_strict
5105592,Cam Whitmore,WAS,1641715,Cam Whitmore,espn_name_strict
4277905,Trae Young,WAS,1629027,Trae Young,espn_name_strict
5175647,Hugo Gonzalez,BOS,1642864,Hugo González,espn_name_strict
6478,Nikola Vucevic,BOS,202696,Nikola Vučević,espn_name_strict
5175643,Egor Demin,BKN,1642856,Egor Dëmin,espn_name_strict
4433249,Moussa Diabate,CHA,1631217,Moussa Diabaté,espn_name_strict
5211176,Tidjane Salaun,CHA,1642275,Tidjane Salaün,espn_name_strict
3032979,Dennis Schroder,CLE,203471,Dennis Schröder,espn_name_strict
3112335,Nikola Jokic,DEN,203999,Nikola Jokić,espn_name_strict
6477,Jonas Valanciunas,DEN,202685,Jonas Valančiūnas,espn_name_strict
3032978,Dario Saric,DET,203967,Dario Šarić,espn_name_strict
3102531,Kristaps Porzingis,GSW,204001,Kristaps Porziņģis,espn_name_strict
3037789,Bogdan Bogdanovic,LAC,203992,Bogdan Bogdanović,espn_name_strict
5108024,Yanic Konan Niederhauser,LAC,1642949,Yanic Konan Niederhäuser,espn_name_strict
3945274,Luka Doncic,LAL,1629029,Luka Dončić,espn_name_strict
4702972,Chris Manon,LAL,1643024,Chris Mañon,espn_name_strict
5214640,Kasparas Jakucionis,MIA,1642857,Kasparas Jakučionis,espn_name_strict
4997528,Nikola Jovic,MIA,1631107,Nikola Jović,espn_name_strict
4997538,Karlo Matkovic,NOP,1631255,Karlo Matković,espn_name_strict
5211983,Pacome Dadiet,NYK,1642359,Pacôme Dadiet,espn_name_strict
5159925,Nikola Topic,OKC,1642260,Nikola Topić,espn_name_strict
4578893,Vit Krejci,POR,1630249,Vít Krejčí,espn_name_strict
3102530,Jusuf Nurkic,UTA,203994,Jusuf Nurkić,espn_name_strict
4397885,Dalano Banton,BOS,1630625,Dalano Banton,espn_inactive_override_strict
5159895,Yuki Kawamura,CHI,1642530,Yuki Kawamura,espn_inactive_override_strict
2326307,Seth Curry,GSW,203552,Seth Curry,espn_inactive_override_strict
4897449,Malevy Leons,GSW,1642502,Malevy Leons,espn_inactive_override_strict
4397821,Nate Williams,GSW,78561,Nate Williams,espn_inactive_override_strict
4592965,Tristen Newton,HOU,1641803,Tristen Newton,espn_inactive_override_strict
4066399,Micah Potter,IND,1630695,Micah Potter,espn_inactive_override_strict
4278516,Ethan Thompson,IND,1630679,Ethan Thompson,espn_inactive_override_strict
4683749,TyTy Washington Jr.,LAC,1631102,TyTy Washington Jr.,espn_inactive_override_strict
4683736,Kobe Bufkin,LAL,1641723,Kobe Bufkin,espn_inactive_override_strict
4431695,Drew Timme,LAL,1631166,Drew Timme,espn_inactive_override_strict
4432645,Trevor Keels,MIA,1631211,Trevor Keels,espn_inactive_override_strict
4702159,Dillon Jones,NYK,1641794,Dillon Jones,espn_inactive_override_strict
4395676,Buddy Boeheim,OKC,1631205,Buddy Boeheim,espn_inactive_override_strict
4432179,MarJon Beauchamp,PHI,1630699,MarJon Beauchamp,espn_inactive_override_strict
3064230,Cameron Payne,PHI,1626166,Cameron Payne,espn_inactive_override_strict
4280245,Jamaree Bouyea,PHX,1631123,Jamaree Bouyea,espn_inactive_override_strict
4279532,Stanley Umude,SAS,1630649,Stanley Umude,espn_inactive_override_strict
3936296,Skal Labissiere,WAS,1627746,Skal Labissiere,espn_inactive_override_strict
4592216,Alondes Williams,WAS,1631214,Alondes Williams,espn_inactive_override_strict
